<?xml version="1.0" encoding="UTF-8"?>

<!-- 30초마다 설정 파일의 변경을 확인한다. -->
<configuration scan="true" scanPeriod="30 seconds">
	<property name="LOG_PATH" value="/app/log/cidagncFtpclient" />
	
	<appender name="CONSOLE" class="ch.qos.logback.core.ConsoleAppender">
		<encoder class="ch.qos.logback.classic.encoder.PatternLayoutEncoder">
			<pattern>[%-5level %d{yyyy-MM-dd HH:mm:ss.SSS} %thread] - %msg%n</pattern>
        </encoder>
    </appender>

	<!-- 시스템에러 로그 -->
	<appender name="SYSTEM-ERROR-ROLLING-FILE" class="ch.qos.logback.core.rolling.RollingFileAppender">
		<file>${LOG_PATH}/system.log</file>
		
		<encoder class="ch.qos.logback.classic.encoder.PatternLayoutEncoder">
			<pattern>[%-5level %d{yyyy-MM-dd HH:mm:ss.SSS} %thread] - %msg%n</pattern>
        </encoder>

		<rollingPolicy class="ch.qos.logback.core.rolling.TimeBasedRollingPolicy">
			<fileNamePattern>${LOG_PATH}/system.%d{yyyy-MM-dd}.log</fileNamePattern>
		</rollingPolicy>
	</appender>	

	<!-- OpenAPI Domain VO (request / response)정보 로그 -->
	<appender name="OPENAPI-ROLLING-FILE" class="ch.qos.logback.core.rolling.RollingFileAppender">
		<file>${LOG_PATH}/openAPI.log</file>
		
		<encoder class="ch.qos.logback.classic.encoder.PatternLayoutEncoder">
			<pattern>[%-5level %d{yyyy-MM-dd HH:mm:ss.SSS} %thread] - %msg%n</pattern>
        </encoder>

		<rollingPolicy class="ch.qos.logback.core.rolling.TimeBasedRollingPolicy">
			<fileNamePattern>${LOG_PATH}/openAPI.%d{yyyy-MM-dd}.log</fileNamePattern>
		</rollingPolicy>
	</appender>

	<!-- SQL 로그 -->
	<appender name="SQL-ROLLING-FILE" class="ch.qos.logback.core.rolling.RollingFileAppender">
		<file>${LOG_PATH}/sql.log</file>
		
		<encoder class="ch.qos.logback.classic.encoder.PatternLayoutEncoder">
			<pattern>[%-5level %d{yyyy-MM-dd HH:mm:ss.SSS} %thread] - %msg%n</pattern>
        </encoder>

		<rollingPolicy class="ch.qos.logback.core.rolling.TimeBasedRollingPolicy">
			<fileNamePattern>${LOG_PATH}/sql.%d{yyyy-MM-dd}.log</fileNamePattern>
		</rollingPolicy>
	</appender>	

 	<!-- 대행사전문(I/F) 로그 -->
	<appender name="JUNMUN-ROLLING-FILE" class="ch.qos.logback.core.rolling.RollingFileAppender">
		<file>${LOG_PATH}/junmun.log</file>
		
		<encoder class="ch.qos.logback.classic.encoder.PatternLayoutEncoder">
			<pattern>[%-5level %d{yyyy-MM-dd HH:mm:ss.SSS} %thread] - %msg%n</pattern>
        </encoder>

		<rollingPolicy class="ch.qos.logback.core.rolling.TimeBasedRollingPolicy">
			<fileNamePattern>${LOG_PATH}/junmun.%d{yyyy-MM-dd}.log</fileNamePattern>
		</rollingPolicy>
	</appender> 

 	<!-- 서비스 로그 -->
	<appender name="SERVICE-ROLLING-FILE" class="ch.qos.logback.core.rolling.RollingFileAppender">
		<file>${LOG_PATH}/service.log</file>
		
		<encoder class="ch.qos.logback.classic.encoder.PatternLayoutEncoder">
			<pattern>[%-5level %d{yyyy-MM-dd HH:mm:ss.SSS} %thread] - %msg%n</pattern>
        </encoder>

		<rollingPolicy class="ch.qos.logback.core.rolling.TimeBasedRollingPolicy">
			<fileNamePattern>${LOG_PATH}/service.%d{yyyy-MM-dd}.log</fileNamePattern>
		</rollingPolicy>
	</appender>


    <!-- logger 정의부  -->
	<logger name="systemLogger" level="INFO" additivity="false">
		<appender-ref ref="SYSTEM-ERROR-ROLLING-FILE"/>
	</logger>    
	<logger name="openAPILogger" level="INFO" additivity="false">
		<appender-ref ref="OPENAPI-ROLLING-FILE"/>
	</logger>	    
	<logger name="junmunLogger" level="INFO" additivity="false">
		<appender-ref ref="JUNMUN-ROLLING-FILE"/>
	</logger>  
 	<logger name="serviceLogger" level="INFO" additivity="false">
		<appender-ref ref="SERVICE-ROLLING-FILE"/>
	</logger>  

    <!-- ===================================== -->
    <!-- log4jdbc 로그출력                     -->
    <!-- ===================================== -->
  	<logger name="java.sql" level="ERROR" additivity="false">
    	<appender-ref ref="SQL-ROLLING-FILE"/>
  	</logger>    
  	<logger name="jdbc.sqlonly" level="INFO" additivity="false">
    	<appender-ref ref="SQL-ROLLING-FILE"/>
  	</logger>
  	
  	<logger name="jdbc.resultsettable" level="OFF"/>    
  	<logger name="jdbc.sqltiming" level="OFF"/>
  	<logger name="jdbc" level="OFF"/>
  	<logger name="jdbc.audit" level="OFF"/>
  	<logger name="jdbc.resultset" level="OFF"/>
  	<logger name="jdbc.connection" level="OFF"/> 
    
	<logger name="org.springframework" level="INFO" additivity="false" >
    	<appender-ref ref="SYSTEM-ERROR-ROLLING-FILE"/>
    </logger>
    
    <root level="INFO">
        <appender-ref ref="CONSOLE"/>
    </root>
</configuration>